{
  "requestType": "itinerary",
  "requestVersion": 3,
  "options": { "title": "Colorado Ski Resorts", "earthRadius": "6371","optimization":"none" },
  "places": [
    {
      "name": "Wolf Creek",
      "id": "1",
      "latitude": "37.28333",
      "longitude": "-106.4758333"
    },
    {
      "name": "Telluride",
      "id": "2",
      "latitude": "37.56183",
      "longitude": "-107.5076667"
    },
    {
      "name": "Monarch",
      "id": "3",
      "latitude": "38.308",
      "longitude": "-106.1995"
    },
    {
      "name": "Silverton",
      "id": "4",
      "latitude": "37.53017",
      "longitude": "-107.4003333"
    },
    {
      "name": "Purgatory",
      "id": "5",
      "latitude": "37.37817",
      "longitude": "-107.4886667"
    },
    {
      "name": "Crested Butte",
      "id": "6",
      "latitude": "38.53933",
      "longitude": "-106.5788333"
    },
    {
      "name": "Powderhorn",
      "id": "7",
      "latitude": "39.039",
      "longitude": "-108.0896667"
    },
    {
      "name": "Aspen mountain",
      "id": "8",
      "latitude": "39.11517",
      "longitude": "-106.4976667"
    },
    {
      "name": "Ski Cooper",
      "id": "9",
      "latitude": "39.21633",
      "longitude": "-106.1815"
    },
    {
      "name": "Vail",
      "id": "10",
      "latitude": "39.384",
      "longitude": "-106.2245"
    },
    {
      "name": "Breckenridge",
      "id": "11",
      "latitude": "39.28883",
      "longitude": "-106.023"
    },
    {
      "name": "Echo Mountain",
      "id": "12",
      "latitude": "39.4105",
      "longitude": "-105.3125"
    },
    {
      "name": "Steamboat",
      "id": "13",
      "latitude": "40.27233",
      "longitude": "-106.4826667"
    },
    {
      "name": "Estes Valley",
      "id": "14",
      "latitude": "40.1685",
      "longitude": "-105.3211667"
    },
    {
      "name": "Eldora Mountain",
      "id": "15",
      "latitude": "39.563",
      "longitude": "-105.3495"
    },
    {
      "name": "Winter Park",
      "id": "16",
      "latitude": "39.53233",
      "longitude": "-105.4563333"
    }
  ],
  "distances": []
}
