{
  "requestType":"itinerary",
  "requestVersion":2,
  "options":{
    "title":"My Trip",
    "earthRadius":"3958.761316"
  },
  "places":[
    {
      "id":"dnvr",
      "name":"Denver",
      "latitude":"39.7392",
      "longitude":"-104.9903"
    },
    {
      "id":"bldr",
      "name":"Boulder",
      "latitude":"40.01499",
      "longitude":"-105.27055"
    },
    {
      "id":"foco",
      "name":"Fort Collins",
      "latitude":"40.585258",
      "longitude":"-105.084419"
    }
  ],
  "distances":[
    29,
    58,
    65
  ]
}